data,podcasts,horas
01/01/2021,Inteligência Ltda.,0.0072175
01/04/2021,Inteligência Ltda.,0.9039258333333334
01/04/2021,NerdCast,0.03690027777777778
01/04/2021,Inteligência Ltda.,0.9678333333333333
01/04/2021,Inteligência Ltda.,0.6081886111111111
01/04/2021,Inteligência Ltda.,0.07095916666666667
01/05/2021,NerdCast,0.6203405555555556
01/05/2021,NerdCast,0.0055474999999999995
01/05/2021,Hipsters Ponto Tech,0.5713138888888889
01/05/2021,Pro Football | NFL,0.005510833333333334
01/05/2021,Pro Football | NFL,0.0
01/05/2021,Pro Football | NFL,0.006994444444444445
01/05/2021,Pro Football | NFL,0.01485611111111111
01/05/2021,Inteligência Ltda.,1.4469319444444444
01/06/2021,Pro Football | NFL,0.9608022222222222
01/06/2021,Inteligência Ltda.,0.7152197222222223
01/06/2021,Inteligência Ltda.,0.05278666666666666
01/06/2021,Inteligência Ltda.,0.8267658333333333
01/06/2021,NerdCast,0.00018694444444444444
01/06/2021,NerdCast,0.02964611111111111
01/06/2021,NerdCast,1.2836183333333333
01/07/2021,NerdCast,0.4442638888888889
01/07/2021,NerdCast,0.015126111111111111
01/07/2021,Pro Football | NFL,0.7951236111111111
01/07/2021,Stock Pickers,0.62793
01/08/2021,Sinapse,0.6472663888888889
01/08/2021,Sinapse,0.007494722222222222
01/08/2021,NerdCast,0.8787411111111111
01/08/2021,NerdCast,0.5766386111111111
01/08/2021,NerdCast,0.006701111111111112
01/09/2021,Inteligência Ltda.,1.9252027777777778
01/11/2021,Inteligência Ltda.,0.8183363888888889
01/11/2021,Hipsters Ponto Tech,0.22758777777777778
01/11/2021,Hipsters Ponto Tech,0.3445733333333333
01/11/2021,Inteligência Ltda.,1.400395277777778
01/11/2021,Inteligência Ltda.,1.2023869444444444
01/12/2021,Inteligência Ltda.,0.1653775
01/12/2021,Inteligência Ltda.,0.08753666666666667
01/12/2021,Hipsters Ponto Tech,0.7647833333333334
01/12/2021,Primocast,0.6347625
01/12/2021,Primocast,1.9579533333333332
13/01/2021,Inteligência Ltda.,1.6579994444444446
13/01/2021,Inteligência Ltda.,0.05654055555555556
13/01/2021,Inteligência Ltda.,0.028551388888888887
13/01/2021,Inteligência Ltda.,1.9842097222222221
14/01/2021,Inteligência Ltda.,0.6872455555555556
14/01/2021,Flow Podcast,1.1199047222222223
14/01/2021,Flow Podcast,0.00488
14/01/2021,Flow Podcast,0.896198888888889
14/01/2021,Pro Football | NFL,1.353732777777778
15/01/2021,Sinapse,0.2681133333333333
15/01/2021,Sinapse,0.30628083333333334
15/01/2021,Inteligência Ltda.,1.6861397222222223
18/01/2021,NerdCast,0.9286955555555555
18/01/2021,Inteligência Ltda.,0.9609816666666667
18/01/2021,Inteligência Ltda.,0.4001375
18/01/2021,Inteligência Ltda.,1.536683611111111
19/01/2021,Mauricio Meirelles Podcast,0.05901027777777778
19/01/2021,Hipsters Ponto Tech,0.7310972222222223
19/01/2021,Mauricio Meirelles Podcast,1.1757041666666666
20/01/2021,Stock Pickers,0.5619138888888888
20/01/2021,Stock Pickers,0.38848222222222223
20/01/2021,Inteligência Ltda.,2.1870013888888886
21/01/2021,Inteligência Ltda.,0.6958916666666667
21/01/2021,Inteligência Ltda.,1.258455
21/01/2021,Inteligência Ltda.,1.2176544444444446
21/01/2021,Inteligência Ltda.,0.12355583333333334
21/01/2021,Inteligência Ltda.,1.2201891666666667
22/01/2021,Inteligência Ltda.,0.07501972222222222
22/01/2021,NerdCast,0.0020897222222222224
22/01/2021,Pro Football | NFL,0.03133361111111111
22/01/2021,NerdCast,0.0003158333333333334
22/01/2021,NerdCast,1.0383125
22/01/2021,Pro Football | NFL,1.1467730555555555
23/01/2021,Sinapse,0.861198888888889
23/01/2021,NerdCast,0.4071227777777778
23/01/2021,NerdCast,0.22138055555555555
26/01/2021,Inteligência Ltda.,1.6489244444444444
26/01/2021,Inteligência Ltda.,0.0002513888888888889
26/01/2021,Inteligência Ltda.,0.0015994444444444446
26/01/2021,Inteligência Ltda.,0.10567
26/01/2021,Inteligência Ltda.,2.0680738888888888
26/01/2021,Mauricio Meirelles Podcast,0.11219111111111112
27/01/2021,NerdCast,0.6164369444444444
27/01/2021,Hipsters Ponto Tech,0.4992436111111111
27/01/2021,NerdCast,0.002522777777777778
27/01/2021,Inteligência Ltda.,1.8396030555555556
27/01/2021,Inteligência Ltda.,0.5244355555555555
28/01/2021,Inteligência Ltda.,0.42039722222222226
28/01/2021,Pro Football | NFL,0.7258224999999999
28/01/2021,Mauricio Meirelles Podcast,0.6550588888888889
28/01/2021,Inteligência Ltda.,1.1498830555555555
29/01/2021,Inteligência Ltda.,1.1991683333333334
29/01/2021,Stock Pickers,0.001006111111111111
29/01/2021,NerdCast,0.4613905555555556
29/01/2021,Data Hackers,1.0676844444444444
02/04/2021,Hipsters Ponto Tech,0.49224277777777775
02/04/2021,Inteligência Ltda.,0.8292908333333333
02/05/2021,Pro Football | NFL,0.09269916666666668
02/06/2021,Inteligência Ltda.,0.2095761111111111
02/06/2021,Inteligência Ltda.,0.6942991666666667
02/06/2021,Inteligência Ltda.,1.0325333333333333
02/07/2021,Inteligência Ltda.,0.3764444444444444
02/07/2021,Sinapse,0.14190222222222224
02/07/2021,Sinapse,0.047058888888888886
02/07/2021,Sinapse,0.2779622222222222
02/07/2021,NerdCast,0.5066477777777778
02/07/2021,NerdCast,0.001446388888888889
02/09/2021,Hipsters Ponto Tech,0.373505
02/11/2021,Inteligência Ltda.,0.0
02/11/2021,Inteligência Ltda.,0.05320277777777778
13/02/2021,NerdCast,0.9299313888888889
13/02/2021,NerdCast,0.3407938888888889
16/02/2021,NerdCast,0.5283641666666666
16/02/2021,Inteligência Ltda.,1.3882652777777778
16/02/2021,Inteligência Ltda.,0.5942888888888889
16/02/2021,Mauricio Meirelles Podcast,0.4220544444444444
16/02/2021,Inteligência Ltda.,0.0010997222222222222
16/02/2021,Inteligência Ltda.,1.2164288888888888
17/02/2021,Inteligência Ltda.,0.09337277777777778
17/02/2021,Inteligência Ltda.,0.000961111111111111
17/02/2021,Hipsters Ponto Tech,0.48274249999999996
17/02/2021,Os Sócios Podcast,0.5391691666666667
17/02/2021,Primocast,0.7003394444444445
17/02/2021,Primocast,0.13700416666666668
17/02/2021,Inteligência Ltda.,1.504501111111111
18/02/2021,Inteligência Ltda.,0.3551944444444445
18/02/2021,Inteligência Ltda.,0.0009955555555555555
18/02/2021,Inteligência Ltda.,0.9920530555555556
18/02/2021,Mauricio Meirelles Podcast,0.009403888888888889
18/02/2021,Os Sócios Podcast,0.6147069444444444
19/02/2021,Sinapse,0.5484105555555556
19/02/2021,Data Hackers,0.7823508333333333
19/02/2021,NerdCast,0.3910305555555556
20/02/2021,NerdCast,0.04540444444444445
20/02/2021,NerdCast,0.5449036111111112
20/02/2021,Hipsters Ponto Tech,0.5028186111111111
20/02/2021,NerdCast,0.0
20/02/2021,Inteligência Ltda.,0.6481066666666667
20/02/2021,Inteligência Ltda.,1.5054605555555556
20/02/2021,Inteligência Ltda.,0.001665
22/02/2021,Inteligência Ltda.,1.415541388888889
23/02/2021,Inteligência Ltda.,0.9606238888888889
23/02/2021,Hipsters Ponto Tech,0.040440555555555556
23/02/2021,Hipsters Ponto Tech,0.5368774999999999
23/02/2021,Primocast,0.2505736111111111
24/02/2021,Primocast,0.22792944444444443
24/02/2021,Primocast,0.19301333333333334
25/02/2021,Os Sócios Podcast,0.5854522222222223
25/02/2021,Os Sócios Podcast,0.04858944444444445
25/02/2021,Flow Podcast,0.4741902777777778
26/02/2021,Flow Podcast,0.5446902777777777
26/02/2021,Flow Podcast,0.039384722222222224
26/02/2021,Flow Podcast,1.1646977777777778
26/02/2021,Flow Podcast,0.6207725
26/02/2021,Flow Podcast,0.9327377777777778
27/02/2021,Flow Podcast,0.7175938888888889
27/02/2021,Sinapse,0.27415083333333334
03/01/2021,Sinapse,0.15287750000000003
03/01/2021,NerdCast,0.19793055555555555
03/01/2021,NerdCast,0.1772197222222222
03/01/2021,NerdCast,0.28666277777777777
03/02/2021,Primocast,0.9632413888888889
03/02/2021,Hipsters Ponto Tech,0.3826452777777778
03/02/2021,Mauricio Meirelles Podcast,0.6003611111111111
03/02/2021,Flow Podcast,0.8525894444444444
03/03/2021,Flow Podcast,0.19364583333333335
03/03/2021,Flow Podcast,0.007203055555555555
03/03/2021,Não Ouvo Podcasts,0.0418475
03/03/2021,Inteligência Ltda.,1.2050313888888888
03/03/2021,Inteligência Ltda.,0.0
03/03/2021,Inteligência Ltda.,0.002118611111111111
03/03/2021,Inteligência Ltda.,0.3936975
03/04/2021,Inteligência Ltda.,0.002811944444444444
03/04/2021,Os Sócios Podcast,0.006649722222222223
03/04/2021,Os Sócios Podcast,0.5242663888888889
03/04/2021,Flow Podcast,1.2879205555555555
03/05/2021,Flow Podcast,0.2169775
03/05/2021,Hipsters Ponto Tech,0.43359666666666663
03/05/2021,Sinapse,0.5000841666666667
03/05/2021,NerdCast,0.5423197222222222
03/05/2021,Mauricio Meirelles Podcast,0.2580747222222222
03/05/2021,Mauricio Meirelles Podcast,0.29762694444444443
03/05/2021,NerdCast,0.22404444444444443
03/06/2021,NerdCast,0.5843083333333333
03/06/2021,Flow Podcast,0.0456
03/06/2021,Flow Podcast,1.3453688888888888
03/06/2021,Flow Podcast,0.6974044444444445
03/06/2021,Flow Podcast,1.2849302777777778
03/08/2021,Flow Podcast,1.1900533333333334
03/08/2021,Flow Podcast,0.0025197222222222222
03/08/2021,Primocast,0.6492761111111112
03/08/2021,Mauricio Meirelles Podcast,0.4926130555555555
03/08/2021,Mauricio Meirelles Podcast,0.4527686111111111
03/08/2021,Mauricio Meirelles Podcast,0.525138611111111
03/09/2021,Mauricio Meirelles Podcast,0.002308888888888889
03/09/2021,Hipsters Ponto Tech,0.0
03/09/2021,Hipsters Ponto Tech,0.606911388888889
03/09/2021,Hipsters Ponto Tech,0.5245772222222223
03/10/2021,Inteligência Ltda.,0.004034444444444445
03/10/2021,Inteligência Ltda.,1.4026991666666668
03/11/2021,Inteligência Ltda.,0.7465238888888889
03/11/2021,Inteligência Ltda.,0.0006841666666666667
03/11/2021,Inteligência Ltda.,0.8410547222222223
03/11/2021,Inteligência Ltda.,1.1006491666666667
03/12/2021,Os Sócios Podcast,0.4759333333333334
03/12/2021,Inteligência Ltda.,1.1523044444444444
15/03/2021,Inteligência Ltda.,1.571350277777778
16/03/2021,Primocast,0.46663055555555555
16/03/2021,Primocast,0.004147222222222222
16/03/2021,Inteligência Ltda.,1.5331297222222224
17/03/2021,Inteligência Ltda.,1.2146227777777776
17/03/2021,Mauricio Meirelles Podcast,0.0018863888888888888
17/03/2021,Hipsters Ponto Tech,0.2519427777777778
17/03/2021,Mauricio Meirelles Podcast,0.59328
17/03/2021,Inteligência Ltda.,0.9057975
18/03/2021,Inteligência Ltda.,0.4068522222222222
18/03/2021,Inteligência Ltda.,0.34652
18/03/2021,Inteligência Ltda.,1.354341388888889
19/03/2021,Os Sócios Podcast,0.9763386111111111
19/03/2021,Inteligência Ltda.,0.30315888888888887
19/03/2021,Inteligência Ltda.,0.6016611111111111
19/03/2021,Inteligência Ltda.,0.6373230555555556
19/03/2021,NerdCast,0.5868713888888889
19/03/2021,NerdCast,0.02007527777777778
19/03/2021,NerdCast,0.09478583333333333
22/03/2021,Teste de Turing,0.0032175
22/03/2021,Teste de Turing,0.00026055555555555554
22/03/2021,Let's Data Podcast,0.5015391666666666
22/03/2021,Sinapse,0.3901597222222222
22/03/2021,Primocast,0.9187944444444445
22/03/2021,Mauricio Meirelles Podcast,0.5595230555555555
23/03/2021,Hipsters Ponto Tech,0.4818983333333334
23/03/2021,Inteligência Ltda.,1.0737422222222222
24/03/2021,Inteligência Ltda.,0.29860194444444443
25/03/2021,Os Sócios Podcast,0.296715
25/03/2021,Os Sócios Podcast,0.2853352777777778
25/03/2021,Inteligência Ltda.,0.9902083333333334
25/03/2021,Inteligência Ltda.,0.3766536111111111
26/03/2021,Inteligência Ltda.,2.5034916666666667
26/03/2021,Inteligência Ltda.,0.0017716666666666668
26/03/2021,Inteligência Ltda.,1.0942852777777778
26/03/2021,Mauricio Meirelles Podcast,0.4895591666666667
27/03/2021,NerdCast,1.1661877777777778
27/03/2021,Não Ouvo Podcasts,0.41407083333333333
29/03/2021,Inteligência Ltda.,0.6417627777777778
29/03/2021,Inteligência Ltda.,0.9781791666666667
29/03/2021,Mauricio Meirelles Podcast,0.18014805555555558
30/03/2021,Mauricio Meirelles Podcast,0.0038116666666666663
30/03/2021,Hipsters Ponto Tech,0.32067361111111115
30/03/2021,Inteligência Ltda.,1.5025052777777779
31/03/2021,Inteligência Ltda.,0.7395613888888889
31/03/2021,Inteligência Ltda.,1.183695
31/03/2021,Inteligência Ltda.,0.1615786111111111
31/03/2021,Inteligência Ltda.,1.3330702777777779
04/01/2021,Inteligência Ltda.,0.061170555555555554
04/01/2021,Data Hackers,0.5664344444444445
04/01/2021,Sinapse,0.013705555555555556
04/01/2021,Sinapse,0.37391138888888886
04/01/2021,Os Sócios Podcast,0.0013391666666666667
04/01/2021,Os Sócios Podcast,0.6351650000000001
04/05/2021,NerdCast,0.6524016666666667
04/05/2021,NerdCast,0.45755861111111107
04/05/2021,Inteligência Ltda.,0.0014897222222222221
04/05/2021,Inteligência Ltda.,0.21551333333333333
04/05/2021,Inteligência Ltda.,0.5269508333333334
04/05/2021,Inteligência Ltda.,0.6887938888888888
04/06/2021,Inteligência Ltda.,0.3845869444444444
04/06/2021,Inteligência Ltda.,0.06225527777777778
04/06/2021,Inteligência Ltda.,1.359063888888889
04/07/2021,Inteligência Ltda.,0.20156194444444445
04/07/2021,Inteligência Ltda.,0.14966166666666667
04/07/2021,Inteligência Ltda.,0.0010319444444444445
04/07/2021,Inteligência Ltda.,0.38199194444444445
04/07/2021,Inteligência Ltda.,0.21099833333333334
04/07/2021,Inteligência Ltda.,0.0003738888888888889
04/07/2021,Inteligência Ltda.,0.0002577777777777778
04/07/2021,Inteligência Ltda.,0.005440277777777778
04/07/2021,Inteligência Ltda.,0.0005611111111111111
04/07/2021,Inteligência Ltda.,0.0003158333333333334
04/07/2021,Inteligência Ltda.,0.7185219444444445
04/07/2021,Inteligência Ltda.,0.0002127777777777778
04/07/2021,Inteligência Ltda.,0.0003222222222222222
04/07/2021,Inteligência Ltda.,0.013757777777777778
04/07/2021,Inteligência Ltda.,0.05106444444444445
04/08/2021,Flow Podcast,0.6833094444444445
04/08/2021,Flow Podcast,0.37939416666666664
04/08/2021,Flow Podcast,0.025109722222222224
04/08/2021,Flow Podcast,0.009500555555555555
04/08/2021,Flow Podcast,1.82325
04/08/2021,Let's Data Podcast,0.6336330555555556
04/08/2021,Os Sócios Podcast,0.7782694444444445
04/08/2021,Let's Data Podcast,0.003715
04/08/2021,Inteligência Ltda.,0.00047722222222222225
04/08/2021,Inteligência Ltda.,0.3267611111111111
04/09/2021,Inteligência Ltda.,1.6270716666666667
04/09/2021,NerdCast,0.8105722222222221
04/09/2021,NerdCast,0.11943416666666667
04/10/2021,Inteligência Ltda.,0.00112
04/12/2021,NerdCast,0.31944222222222224
04/12/2021,Inteligência Ltda.,0.6100894444444445
04/12/2021,Inteligência Ltda.,1.3844122222222224
13/04/2021,Hipsters Ponto Tech,0.40717472222222223
13/04/2021,Inteligência Ltda.,0.009152500000000001
13/04/2021,Inteligência Ltda.,0.7817061111111111
13/04/2021,Inteligência Ltda.,0.9660855555555555
13/04/2021,Mauricio Meirelles Podcast,0.5804083333333333
14/04/2021,Mauricio Meirelles Podcast,0.1363738888888889
14/04/2021,Data Hackers,0.6942711111111112
16/04/2021,Inteligência Ltda.,0.001086111111111111
16/04/2021,Inteligência Ltda.,1.5780458333333334
16/04/2021,Inteligência Ltda.,0.010629444444444445
16/04/2021,Não Ouvo Podcasts,0.34866027777777775
16/04/2021,Inteligência Ltda.,0.47277166666666665
16/04/2021,Hipsters Ponto Tech,0.006550277777777778
16/04/2021,NerdCast,0.5925788888888889
16/04/2021,Sinapse,0.3447838888888889
17/04/2021,NerdCast,0.0013425
17/04/2021,NerdCast,0.5538425
17/04/2021,Inteligência Ltda.,1.5819769444444445
17/04/2021,Inteligência Ltda.,0.2522547222222222
17/04/2021,Inteligência Ltda.,0.9860027777777778
19/04/2021,Let's Data Podcast,0.5339402777777777
19/04/2021,Inteligência Ltda.,0.12708388888888889
20/04/2021,Hipsters Ponto Tech,0.4438786111111111
20/04/2021,Inteligência Ltda.,1.6254033333333333
22/04/2021,Os Sócios Podcast,0.5511466666666667
22/04/2021,Inteligência Ltda.,0.9043722222222221
22/04/2021,Inteligência Ltda.,0.12507166666666666
22/04/2021,Inteligência Ltda.,1.4852383333333334
23/04/2021,Flow Podcast,0.20853444444444444
23/04/2021,Flow Podcast,1.6213330555555556
23/04/2021,Flow Podcast,0.7724236111111111
23/04/2021,NerdCast,0.49768416666666665
26/04/2021,Inteligência Ltda.,0.4088902777777778
26/04/2021,Inteligência Ltda.,0.3669075
26/04/2021,Inteligência Ltda.,0.19233194444444443
26/04/2021,Flow Podcast,1.1609977777777778
27/04/2021,Flow Podcast,0.473745
27/04/2021,Hipsters Ponto Tech,0.4150008333333333
27/04/2021,Mauricio Meirelles Podcast,0.20147166666666666
27/04/2021,Inteligência Ltda.,0.9641302777777778
27/04/2021,Inteligência Ltda.,0.012879166666666667
28/04/2021,Inteligência Ltda.,1.7811750000000002
29/04/2021,Inteligência Ltda.,0.3297261111111111
29/04/2021,Inteligência Ltda.,0.01636138888888889
29/04/2021,Inteligência Ltda.,0.10792361111111111
29/04/2021,Sinapse,0.3718902777777778
29/04/2021,Let's Data Podcast,0.20988222222222222
29/04/2021,Let's Data Podcast,0.342045
29/04/2021,Os Sócios Podcast,0.014127222222222223
30/04/2021,Os Sócios Podcast,0.7420805555555555
30/04/2021,Stack | Datacast,0.5740700000000001
30/04/2021,Stack | Datacast,0.40455583333333334
30/04/2021,NerdCast,0.6482511111111111
30/04/2021,NerdCast,0.02054
05/01/2021,Inteligência Ltda.,1.1752236111111112
05/03/2021,Podpah,1.073141388888889
05/03/2021,Inteligência Ltda.,0.33058944444444444
05/04/2021,Inteligência Ltda.,0.64682
05/04/2021,Stack | Datacast,0.4392816666666667
05/04/2021,Stack | Datacast,0.03646055555555556
05/04/2021,Hipsters Ponto Tech,0.39082083333333334
05/05/2021,Inteligência Ltda.,1.4563316666666668
05/05/2021,Podpah,0.5449541666666666
05/06/2021,Podpah,0.2937244444444444
05/06/2021,Inteligência Ltda.,0.5923436111111111
05/06/2021,Inteligência Ltda.,0.099585
05/07/2021,Inteligência Ltda.,0.5882427777777778
05/07/2021,Inteligência Ltda.,1.1799288888888888
05/07/2021,Inteligência Ltda.,0.3922666666666667
05/07/2021,NerdCast,0.4588144444444444
05/07/2021,Flow Podcast,0.30824888888888885
05/10/2021,Sinapse,0.37475555555555556
05/10/2021,Flow Podcast,1.8489972222222224
05/10/2021,Flow Podcast,0.0023422222222222225
05/10/2021,Mauricio Meirelles Podcast,0.6494902777777778
05/11/2021,Inteligência Ltda.,0.9258133333333334
05/12/2021,Inteligência Ltda.,0.35301333333333335
05/12/2021,Let's Data Podcast,0.5283777777777777
05/12/2021,Let's Data Podcast,0.0063525
05/12/2021,Flow Podcast,0.9702280555555556
13/05/2021,Inteligência Ltda.,1.5510577777777779
14/05/2021,Inteligência Ltda.,0.36570972222222226
14/05/2021,Os Sócios Podcast,0.6733497222222222
14/05/2021,NerdCast,0.6098133333333333
14/05/2021,Flow Podcast,0.9114369444444445
17/05/2021,Inteligência Ltda.,0.002186666666666667
17/05/2021,Mauricio Meirelles Podcast,0.6556147222222222
17/05/2021,Mauricio Meirelles Podcast,0.0015877777777777778
17/05/2021,Sinapse,0.3578997222222222
17/05/2021,Inteligência Ltda.,0.5057658333333334
18/05/2021,Inteligência Ltda.,0.3677036111111111
18/05/2021,Inteligência Ltda.,0.6796325
18/05/2021,Inteligência Ltda.,0.215265
18/05/2021,Inteligência Ltda.,0.7771733333333334
19/05/2021,Inteligência Ltda.,0.0006636111111111111
19/05/2021,Inteligência Ltda.,0.7594191666666668
19/05/2021,Inteligência Ltda.,0.6761019444444444
19/05/2021,Inteligência Ltda.,0.0071288888888888895
20/05/2021,Inteligência Ltda.,1.2284088888888889
20/05/2021,Inteligência Ltda.,1.18769
20/05/2021,Inteligência Ltda.,0.0
20/05/2021,Inteligência Ltda.,0.0
20/05/2021,Inteligência Ltda.,0.9301897222222222
21/05/2021,Inteligência Ltda.,0.15282944444444443
21/05/2021,Inteligência Ltda.,0.005244444444444444
21/05/2021,Flow Podcast,1.1808591666666668
21/05/2021,Flow Podcast,0.7749980555555556
21/05/2021,NerdCast,0.0008722222222222223
21/05/2021,Data Hackers,0.581845
21/05/2021,NerdCast,0.25910500000000003
24/05/2021,NerdCast,0.0484975
24/05/2021,NerdCast,0.6477769444444444
24/05/2021,NerdCast,0.47134805555555553
24/05/2021,Mauricio Meirelles Podcast,0.22841472222222223
24/05/2021,Mauricio Meirelles Podcast,0.0005391666666666666
24/05/2021,Mauricio Meirelles Podcast,0.4254222222222222
24/05/2021,Flow Podcast,0.8153636111111111
25/05/2021,Flow Podcast,0.7050575
25/05/2021,Flow Podcast,0.0011025
25/05/2021,Inteligência Ltda.,0.8947111111111111
25/05/2021,Sinapse,0.3191230555555556
25/05/2021,Sinapse,0.02179888888888889
25/05/2021,Inteligência Ltda.,1.720385
26/05/2021,Inteligência Ltda.,0.06466111111111111
26/05/2021,Hipsters Ponto Tech,0.3263702777777778
26/05/2021,Flow Podcast,1.6827138888888888
26/05/2021,Flow Podcast,0.03428138888888889
26/05/2021,Flow Podcast,0.0018666666666666666
26/05/2021,Inteligência Ltda.,0.0
26/05/2021,Inteligência Ltda.,0.24742499999999998
26/05/2021,Inteligência Ltda.,1.6765627777777778
27/05/2021,Inteligência Ltda.,0.5895111111111111
27/05/2021,Inteligência Ltda.,0.6593183333333333
27/05/2021,Flow Podcast,0.5963849999999999
27/05/2021,Flow Podcast,1.1676444444444445
28/05/2021,Flow Podcast,0.012272499999999999
28/05/2021,Inteligência Ltda.,1.4558161111111112
28/05/2021,Podpah,0.7250666666666666
28/05/2021,Podpah,0.5486577777777778
28/05/2021,NerdCast,0.6765272222222223
28/05/2021,NerdCast,0.0011175
29/05/2021,Podpah,0.0
29/05/2021,Podpah,1.7114191666666665
29/05/2021,Podpah,0.2507641666666667
29/05/2021,Podpah,0.011052222222222222
29/05/2021,Flow Podcast,0.1782872222222222
29/05/2021,Flow Podcast,0.7882125
29/05/2021,Flow Podcast,0.0008038888888888889
31/05/2021,Inteligência Ltda.,1.1534930555555554
31/05/2021,Inteligência Ltda.,1.079602777777778
06/01/2021,Mauricio Meirelles Podcast,0.48717027777777777
06/01/2021,Hipsters Ponto Tech,0.008746111111111112
06/01/2021,Inteligência Ltda.,1.1533013888888888
06/01/2021,Flow Podcast,0.2392711111111111
06/02/2021,Flow Podcast,1.934233888888889
06/02/2021,Flow Podcast,0.00017777777777777776
06/02/2021,Flow Podcast,0.22620444444444443
06/02/2021,Inteligência Ltda.,1.0818916666666667
06/05/2021,Inteligência Ltda.,0.0013925
06/07/2021,Inteligência Ltda.,1.4387555555555556
06/07/2021,NerdCast,0.5361225
06/07/2021,NerdCast,0.13022722222222222
06/07/2021,NerdCast,0.2891091666666667
06/07/2021,Os Sócios Podcast,0.00038722222222222223
06/08/2021,Inteligência Ltda.,1.2626133333333334
06/08/2021,Inteligência Ltda.,0.33974333333333334
06/08/2021,Inteligência Ltda.,1.487418611111111
06/08/2021,Inteligência Ltda.,0.7593875
06/08/2021,Inteligência Ltda.,0.026938333333333335
06/08/2021,Inteligência Ltda.,0.002554166666666667
06/09/2021,Inteligência Ltda.,0.2259138888888889
06/09/2021,Inteligência Ltda.,1.3698072222222222
06/09/2021,Inteligência Ltda.,0.15551388888888887
06/10/2021,Flow Podcast,1.1312058333333332
06/10/2021,Flow Podcast,0.3466222222222222
06/10/2021,Flow Podcast,0.002797222222222222
06/10/2021,Os Sócios Podcast,0.6587130555555556
06/10/2021,Let's Data Podcast,0.5116194444444445
06/10/2021,Inteligência Ltda.,0.0
06/10/2021,Flow Podcast,0.41245611111111113
06/11/2021,Flow Podcast,0.5487061111111111
06/11/2021,Flow Podcast,0.025564166666666666
06/11/2021,Flow Podcast,0.6860205555555556
06/11/2021,Flow Podcast,0.8772355555555555
06/11/2021,Inteligência Ltda.,0.9932927777777778
06/12/2021,Inteligência Ltda.,0.13671666666666665
06/12/2021,Inteligência Ltda.,1.7730072222222222
06/12/2021,Inteligência Ltda.,0.7748572222222222
06/12/2021,NerdCast,0.00022166666666666664
06/12/2021,NerdCast,0.059063611111111115
14/06/2021,Inteligência Ltda.,1.470976388888889
15/06/2021,Sinapse,0.18331833333333333
15/06/2021,Sinapse,0.15938222222222223
15/06/2021,Inteligência Ltda.,0.07721444444444445
15/06/2021,Inteligência Ltda.,0.003538611111111111
15/06/2021,Inteligência Ltda.,1.0
16/06/2021,Inteligência Ltda.,0.002156944444444445
16/06/2021,Inteligência Ltda.,1.391531111111111
16/06/2021,Inteligência Ltda.,0.03838361111111111
16/06/2021,Inteligência Ltda.,1.0693691666666667
16/06/2021,Inteligência Ltda.,0.0016266666666666667
17/06/2021,Inteligência Ltda.,1.3060191666666665
18/06/2021,Inteligência Ltda.,0.006798611111111111
18/06/2021,Inteligência Ltda.,0.03813222222222222
18/06/2021,Inteligência Ltda.,0.9119505555555556
18/06/2021,Hipsters Ponto Tech,0.24646666666666667
18/06/2021,Data Hackers,0.634645
19/06/2021,NerdCast,0.8318141666666666
19/06/2021,NerdCast,0.0012508333333333334
19/06/2021,Let's Data Podcast,0.001505
22/06/2021,Inteligência Ltda.,0.5250427777777777
22/06/2021,Inteligência Ltda.,0.4404113888888889
22/06/2021,Flow Podcast,1.9460255555555555
22/06/2021,Flow Podcast,0.1690486111111111
22/06/2021,Flow Podcast,0.21607416666666665
22/06/2021,Mauricio Meirelles Podcast,0.5571627777777778
22/06/2021,Mauricio Meirelles Podcast,0.0005611111111111111
23/06/2021,Flow Podcast,1.3979530555555555
23/06/2021,Flow Podcast,0.4975777777777778
23/06/2021,Flow Podcast,0.0017672222222222221
23/06/2021,Inteligência Ltda.,1.5290983333333334
24/06/2021,Inteligência Ltda.,0.002637777777777778
24/06/2021,Os Sócios Podcast,0.8944563888888889
24/06/2021,Ticaracaticast,0.0015227777777777778
24/06/2021,Let's Data Podcast,0.48518
24/06/2021,Inteligência Ltda.,0.6398580555555555
25/06/2021,Inteligência Ltda.,1.0979424999999998
25/06/2021,Inteligência Ltda.,0.17605333333333334
25/06/2021,Inteligência Ltda.,1.1206916666666666
25/06/2021,Inteligência Ltda.,0.22487222222222222
25/06/2021,Sinapse,0.4595486111111111
25/06/2021,NerdCast,0.39998944444444445
25/06/2021,Flow Podcast,0.6007258333333334
26/06/2021,Flow Podcast,0.8810977777777779
26/06/2021,Flow Podcast,0.7575766666666667
26/06/2021,Flow Podcast,1.4046558333333332
28/06/2021,Podpah,0.7343244444444444
28/06/2021,Podpah,0.7484627777777778
28/06/2021,Mauricio Meirelles Podcast,0.6946183333333333
28/06/2021,Inteligência Ltda.,1.353848888888889
29/06/2021,Hipsters Ponto Tech,0.33378722222222224
29/06/2021,Hipsters Ponto Tech,0.0
30/06/2021,Inteligência Ltda.,0.0
30/06/2021,Inteligência Ltda.,0.013286944444444445
30/06/2021,Inteligência Ltda.,0.0
30/06/2021,Inteligência Ltda.,0.0686438888888889
30/06/2021,Inteligência Ltda.,0.0013930555555555556
30/06/2021,Inteligência Ltda.,0.09971416666666667
30/06/2021,Inteligência Ltda.,0.07727416666666667
07/01/2021,Inteligência Ltda.,1.5970588888888888
07/01/2021,Inteligência Ltda.,0.3149688888888889
07/01/2021,Inteligência Ltda.,0.7886102777777778
07/01/2021,Inteligência Ltda.,0.46732444444444443
07/02/2021,Inteligência Ltda.,1.262261111111111
07/02/2021,Os Sócios Podcast,1.1354363888888888
07/02/2021,Ticaracaticast,1.1786344444444445
07/03/2021,Ticaracaticast,0.3214883333333333
07/05/2021,NerdCast,0.9131930555555556
07/05/2021,Inteligência Ltda.,1.0481055555555556
07/05/2021,Inteligência Ltda.,0.42053250000000003
07/05/2021,Mauricio Meirelles Podcast,0.9510763888888889
07/06/2021,Mauricio Meirelles Podcast,0.07954361111111112
07/06/2021,Inteligência Ltda.,1.7749783333333333
07/06/2021,Inteligência Ltda.,0.21175305555555557
07/06/2021,Inteligência Ltda.,0.8665880555555555
07/06/2021,Inteligência Ltda.,0.2420261111111111
07/07/2021,Inteligência Ltda.,0.3060097222222222
07/07/2021,Podpah,1.193985
07/07/2021,Sinapse,0.3713738888888889
07/07/2021,Stock Pickers,0.0012969444444444445
07/07/2021,Hipsters Ponto Tech,0.04265361111111111
07/07/2021,Hipsters Ponto Tech,0.003831111111111111
07/07/2021,Inteligência Ltda.,1.755028611111111
07/08/2021,Inteligência Ltda.,0.002102777777777778
07/08/2021,Inteligência Ltda.,0.1597852777777778
07/08/2021,Flow Podcast,1.3231752777777779
07/08/2021,Os Sócios Podcast,0.83835
07/08/2021,Os Sócios Podcast,0.14080305555555556
07/08/2021,Ticaracaticast,0.00020638888888888888
07/08/2021,Ticaracaticast,1.0779216666666664
07/09/2021,Ticaracaticast,0.07559694444444444
07/09/2021,Let's Data Podcast,0.15938444444444444
07/12/2021,Let's Data Podcast,0.6083894444444444
07/12/2021,Data Hackers,0.8112822222222221
07/12/2021,Inteligência Ltda.,1.2669716666666666
07/12/2021,Inteligência Ltda.,1.2433727777777779
07/12/2021,NerdCast,0.10855194444444445
13/07/2021,Inteligência Ltda.,0.16789500000000002
13/07/2021,Flow Podcast,0.384385
13/07/2021,Flow Podcast,1.6597619444444445
13/07/2021,Inteligência Ltda.,0.0108875
13/07/2021,Mauricio Meirelles Podcast,0.8656527777777777
13/07/2021,Mauricio Meirelles Podcast,0.050064444444444446
13/07/2021,Inteligência Ltda.,0.003898888888888889
14/07/2021,Inteligência Ltda.,1.8255138888888889
14/07/2021,Inteligência Ltda.,0.3547525
14/07/2021,Inteligência Ltda.,0.010371388888888888
14/07/2021,Flow Podcast,1.358558611111111
14/07/2021,Inteligência Ltda.,0.08819055555555555
14/07/2021,Inteligência Ltda.,0.08555888888888889
15/07/2021,Inteligência Ltda.,0.7399036111111111
15/07/2021,Inteligência Ltda.,1.4639727777777778
15/07/2021,Mauricio Meirelles Podcast,0.21933166666666667
16/07/2021,Mauricio Meirelles Podcast,0.5478391666666667
16/07/2021,NerdCast,0.058598055555555556
16/07/2021,NerdCast,0.7853825000000001
16/07/2021,Podpah,0.4963069444444444
19/07/2021,Inteligência Ltda.,1.6730280555555554
19/07/2021,Inteligência Ltda.,0.5396380555555556
19/07/2021,Inteligência Ltda.,0.5836722222222223
20/07/2021,Hipsters Ponto Tech,0.4229158333333333
20/07/2021,Inteligência Ltda.,1.4598222222222221
20/07/2021,Inteligência Ltda.,1.6458883333333332
21/07/2021,Inteligência Ltda.,0.46946666666666664
21/07/2021,Flow Podcast,1.4325808333333332
21/07/2021,Flow Podcast,0.6191955555555555
21/07/2021,Sinapse,0.36858111111111114
22/07/2021,Os Sócios Podcast,0.7288533333333334
22/07/2021,Flow Podcast,0.001825
22/07/2021,Flow Podcast,1.2022388888888889
22/07/2021,Ticaracaticast,0.0
22/07/2021,Let's Data Podcast,0.4681591666666666
22/07/2021,Flow Podcast,0.002131388888888889
22/07/2021,Flow Podcast,1.0796116666666669
23/07/2021,Flow Podcast,0.12446222222222222
23/07/2021,Flow Podcast,1.0626094444444445
23/07/2021,Flow Podcast,0.10798416666666667
23/07/2021,Ticaracaticast,1.3215572222222223
23/07/2021,NerdCast,1.08008
23/07/2021,NerdCast,0.21576194444444444
26/07/2021,NerdCast,0.005127499999999999
26/07/2021,Flow Podcast,0.9927266666666666
26/07/2021,Podpah,0.002115555555555556
26/07/2021,Inteligência Ltda.,1.0636608333333333
26/07/2021,Inteligência Ltda.,0.1817475
26/07/2021,Mauricio Meirelles Podcast,0.5666363888888888
26/07/2021,Inteligência Ltda.,0.8592575
27/07/2021,Inteligência Ltda.,0.3127863888888889
27/07/2021,Hipsters Ponto Tech,0.36202166666666663
27/07/2021,Flow Podcast,0.0025183333333333334
27/07/2021,Flow Podcast,1.2816361111111112
27/07/2021,Flow Podcast,0.0003869444444444444
27/07/2021,Ticaracaticast,1.210578611111111
28/07/2021,Inteligência Ltda.,0.0
28/07/2021,Inteligência Ltda.,0.0
28/07/2021,Pro Football | NFL,0.4061047222222222
28/07/2021,Pro Football | NFL,0.1314377777777778
28/07/2021,Inteligência Ltda.,0.009729722222222221
28/07/2021,Inteligência Ltda.,0.014215555555555556
28/07/2021,Inteligência Ltda.,0.011519444444444445
29/07/2021,Inteligência Ltda.,1.2161966666666666
29/07/2021,Inteligência Ltda.,1.6359616666666668
30/07/2021,Inteligência Ltda.,0.6848272222222221
30/07/2021,Ticaracaticast,0.26214027777777776
30/07/2021,Ticaracaticast,1.2640813888888889
30/07/2021,Ticaracaticast,0.0008641666666666666
30/07/2021,Data Hackers,0.5599788888888889
30/07/2021,NerdCast,0.5711438888888889
30/07/2021,NerdCast,0.004695277777777778
31/07/2021,Flow Podcast,0.8606966666666668
08/02/2021,Flow Podcast,1.2755005555555556
08/02/2021,Flow Podcast,0.9265833333333333
08/02/2021,Inteligência Ltda.,0.1750461111111111
08/02/2021,Inteligência Ltda.,0.6042894444444445
08/02/2021,Inteligência Ltda.,0.0
08/02/2021,Inteligência Ltda.,0.0
08/03/2021,Inteligência Ltda.,0.42828555555555553
08/03/2021,Inteligência Ltda.,0.6189019444444444
08/03/2021,Flow Podcast,1.1986075
08/03/2021,Flow Podcast,0.25447444444444445
08/03/2021,Mauricio Meirelles Podcast,0.817325
08/04/2021,Hipsters Ponto Tech,0.3784388888888889
08/04/2021,Pro Football | NFL,0.4357094444444444
08/05/2021,Flow Podcast,0.02352
08/05/2021,Flow Podcast,1.0854511111111111
08/05/2021,Flow Podcast,0.3390202777777778
08/05/2021,Flow Podcast,0.0007008333333333333
08/05/2021,Flow Podcast,0.9406652777777779
08/05/2021,Mauricio Meirelles Podcast,0.5907316666666667
08/06/2021,Mauricio Meirelles Podcast,0.13504305555555557
08/06/2021,Flow Podcast,0.54928
08/06/2021,Hipsters Ponto Tech,0.4000005555555556
08/06/2021,Podpah,0.00044444444444444447
08/06/2021,NerdCast,0.6810905555555556
08/06/2021,NerdCast,0.46784833333333337
08/07/2021,Ticaracaticast,1.0986308333333334
08/07/2021,Ticaracaticast,0.0021058333333333333
08/07/2021,Ticaracaticast,0.4207002777777778
08/07/2021,Flow Podcast,1.2997833333333333
08/07/2021,NerdCast,0.9218113888888889
08/07/2021,Inteligência Ltda.,0.6048708333333334
08/09/2021,Inteligência Ltda.,1.4378547222222222
08/09/2021,Inteligência Ltda.,1.3006222222222223
08/09/2021,Mauricio Meirelles Podcast,0.4543466666666667
08/10/2021,Mauricio Meirelles Podcast,0.2560705555555555
08/10/2021,Hipsters Ponto Tech,0.38838694444444444
08/10/2021,Flow Podcast,0.7160355555555555
08/10/2021,Flow Podcast,0.9523911111111112
08/10/2021,Inteligência Ltda.,0.632936111111111
08/11/2021,Inteligência Ltda.,1.480271111111111
08/11/2021,Flow Podcast,0.6626488888888888
08/11/2021,Flow Podcast,0.054633888888888885
08/11/2021,Podpah,0.2891913888888889
08/11/2021,Podpah,0.3388819444444444
08/12/2021,Os Sócios Podcast,0.9689666666666666
08/12/2021,Flow Podcast,0.7321244444444445
08/12/2021,Flow Podcast,0.6705658333333333
08/12/2021,Inteligência Ltda.,0.0
08/12/2021,Let's Data Podcast,0.46359277777777774
08/12/2021,Pro Football | NFL,0.4938902777777778
13/08/2021,Pro Football | NFL,0.008598333333333335
13/08/2021,Hipsters Ponto Tech,0.3535086111111111
13/08/2021,Ticaracaticast,1.1184630555555555
13/08/2021,Inteligência Ltda.,0.0
13/08/2021,Inteligência Ltda.,1.0836205555555556
13/08/2021,Inteligência Ltda.,0.3101805555555555
13/08/2021,Data Hackers,0.6044474999999999
13/08/2021,NerdCast,0.5218552777777777
14/08/2021,Podpah,1.5051997222222222
14/08/2021,Podpah,0.18919055555555556
14/08/2021,Inteligência Ltda.,1.2592983333333334
16/08/2021,Inteligência Ltda.,0.7016827777777778
16/08/2021,Inteligência Ltda.,1.254791111111111
16/08/2021,Inteligência Ltda.,0.6788680555555556
16/08/2021,Mauricio Meirelles Podcast,0.7577716666666666
17/08/2021,Mauricio Meirelles Podcast,0.10184055555555555
17/08/2021,Mauricio Meirelles Podcast,0.0003911111111111111
17/08/2021,Hipsters Ponto Tech,0.3955727777777778
17/08/2021,Flow Podcast,1.1535288888888888
17/08/2021,Podpah,0.9968
18/08/2021,Podpah,0.8373566666666666
18/08/2021,Inteligência Ltda.,0.5827969444444444
18/08/2021,Inteligência Ltda.,1.3703227777777778
18/08/2021,Inteligência Ltda.,0.018471111111111112
18/08/2021,Inteligência Ltda.,1.1007372222222223
18/08/2021,Inteligência Ltda.,0.9106969444444444
19/08/2021,Inteligência Ltda.,1.3274786111111112
19/08/2021,Flow Podcast,1.3516977777777777
21/08/2021,Flow Podcast,0.11469444444444445
21/08/2021,Inteligência Ltda.,0.5378483333333333
21/08/2021,Inteligência Ltda.,1.0730705555555555
21/08/2021,Inteligência Ltda.,0.0032219444444444444
21/08/2021,Inteligência Ltda.,0.00025833333333333334
21/08/2021,Inteligência Ltda.,0.0075944444444444445
21/08/2021,Inteligência Ltda.,2.797086111111111
22/08/2021,Inteligência Ltda.,0.7341627777777777
23/08/2021,Inteligência Ltda.,0.10242527777777778
23/08/2021,NerdCast,0.7642508333333333
23/08/2021,NerdCast,5.333333333333333e-05
23/08/2021,Flow Podcast,0.8735022222222223
23/08/2021,Inteligência Ltda.,1.3047916666666666
23/08/2021,Inteligência Ltda.,0.5751572222222222
24/08/2021,Sinapse,0.5326969444444445
24/08/2021,Sinapse,0.030600555555555558
24/08/2021,Inteligência Ltda.,0.0026805555555555554
24/08/2021,Inteligência Ltda.,0.37314444444444445
25/08/2021,Inteligência Ltda.,0.29990555555555554
29/08/2021,NerdCast,0.006744444444444444
29/08/2021,NerdCast,0.8153930555555555
29/08/2021,Let's Data Podcast,0.2079925
31/08/2021,Let's Data Podcast,0.3751344444444445
09/01/2021,Inteligência Ltda.,0.0885863888888889
09/03/2021,Sinapse,0.4667663888888889
09/03/2021,Inteligência Ltda.,0.00016527777777777778
09/03/2021,Ciência Sem Fim,1.3900333333333335
09/03/2021,Ciência Sem Fim,0.0005155555555555556
09/03/2021,Ciência Sem Fim,0.24389111111111111
09/03/2021,Let's Data Podcast,0.5210877777777777
09/03/2021,Inteligência Ltda.,0.0008777777777777778
09/03/2021,Data Hackers,0.004426666666666666
09/03/2021,Let's Data Podcast,0.07541388888888889
09/03/2021,Data Hackers,0.47744083333333337
09/03/2021,Podpah,0.0078925
09/04/2021,Ciência Sem Fim,1.8433177777777778
09/04/2021,Inteligência Ltda.,0.00941611111111111
09/04/2021,NerdCast,0.23218944444444445
09/06/2021,NerdCast,0.3630102777777778
09/06/2021,NerdCast,0.0056236111111111105
09/07/2021,Hipsters Ponto Tech,0.2880888888888889
09/08/2021,Hipsters Ponto Tech,0.16551166666666667
09/08/2021,Inteligência Ltda.,1.6726697222222222
09/08/2021,Hipsters Ponto Tech,0.0030572222222222225
09/08/2021,Inteligência Ltda.,1.3287888888888888
16/09/2021,NerdCast,0.86504
17/09/2021,NerdCast,0.0040888888888888884
17/09/2021,Sinapse,0.5305894444444444
20/09/2021,Sinapse,0.04016
20/09/2021,Sinapse,0.0022508333333333334
21/09/2021,NerdCast,1.3156783333333335
23/09/2021,Let's Data Podcast,0.6000788888888889
